hour,coverage_mean,coverage_std,n_per_seed
0,1.0,0.0,292
1,1.0,0.0,292
2,1.0,0.0,292
3,1.0,0.0,292
4,1.0,0.0,292
5,1.0,0.0,292
6,1.0,0.0,292
7,0.9917808219178081,0.001768485546213431,292
8,0.9421232876712329,0.0010829718014275344,292
9,0.8342465753424658,0.005865403003956672,292
10,0.7465753424657534,0.005354355890209383,292
11,0.6297945205479452,0.0029986131362017684,292
12,0.611986301369863,0.0039708966052342835,292
13,0.6116438356164384,0.005638853440743612,292
14,0.6825342465753425,0.004286525880255359,292
15,0.8164383561643836,0.004896714746467386,292
16,0.9215753424657533,0.008760997193767057,292
17,0.9092465753424657,0.0043469024576848645,292
18,0.958904109589041,0.005820798531498617,292
19,1.0,0.0,292
20,1.0,0.0,292
21,1.0,0.0,292
22,1.0,0.0,292
23,1.0,0.0,292
