hour,coverage,n,seed
0,1.0,292,98765
1,1.0,292,98765
2,1.0,292,98765
3,1.0,292,98765
4,1.0,292,98765
5,1.0,292,98765
6,1.0,292,98765
7,0.9897260273972602,292,98765
8,0.9417808219178082,292,98765
9,0.8424657534246576,292,98765
10,0.7431506849315068,292,98765
11,0.6301369863013698,292,98765
12,0.613013698630137,292,98765
13,0.6164383561643836,292,98765
14,0.678082191780822,292,98765
15,0.821917808219178,292,98765
16,0.9246575342465754,292,98765
17,0.9075342465753424,292,98765
18,0.9554794520547946,292,98765
19,1.0,292,98765
20,1.0,292,98765
21,1.0,292,98765
22,1.0,292,98765
23,1.0,292,98765
0,1.0,292,98766
1,1.0,292,98766
2,1.0,292,98766
3,1.0,292,98766
4,1.0,292,98766
5,1.0,292,98766
6,1.0,292,98766
7,0.9931506849315068,292,98766
8,0.9417808219178082,292,98766
9,0.8321917808219178,292,98766
10,0.7465753424657534,292,98766
11,0.6301369863013698,292,98766
12,0.613013698630137,292,98766
13,0.6198630136986302,292,98766
14,0.684931506849315,292,98766
15,0.815068493150685,292,98766
16,0.9075342465753424,292,98766
17,0.9006849315068494,292,98766
18,0.9554794520547946,292,98766
19,1.0,292,98766
20,1.0,292,98766
21,1.0,292,98766
22,1.0,292,98766
23,1.0,292,98766
0,1.0,292,98767
1,1.0,292,98767
2,1.0,292,98767
3,1.0,292,98767
4,1.0,292,98767
5,1.0,292,98767
6,1.0,292,98767
7,0.9931506849315068,292,98767
8,0.9417808219178082,292,98767
9,0.8356164383561644,292,98767
10,0.75,292,98767
11,0.6301369863013698,292,98767
12,0.6095890410958904,292,98767
13,0.6095890410958904,292,98767
14,0.684931506849315,292,98767
15,0.8184931506849316,292,98767
16,0.910958904109589,292,98767
17,0.9041095890410958,292,98767
18,0.952054794520548,292,98767
19,1.0,292,98767
20,1.0,292,98767
21,1.0,292,98767
22,1.0,292,98767
23,1.0,292,98767
0,1.0,292,98768
1,1.0,292,98768
2,1.0,292,98768
3,1.0,292,98768
4,1.0,292,98768
5,1.0,292,98768
6,1.0,292,98768
7,0.9931506849315068,292,98768
8,0.9417808219178082,292,98768
9,0.8424657534246576,292,98768
10,0.75,292,98768
11,0.6335616438356164,292,98768
12,0.6198630136986302,292,98768
13,0.6095890410958904,292,98768
14,0.6815068493150684,292,98768
15,0.8184931506849316,292,98768
16,0.9246575342465754,292,98768
17,0.910958904109589,292,98768
18,0.9554794520547946,292,98768
19,1.0,292,98768
20,1.0,292,98768
21,1.0,292,98768
22,1.0,292,98768
23,1.0,292,98768
0,1.0,292,98769
1,1.0,292,98769
2,1.0,292,98769
3,1.0,292,98769
4,1.0,292,98769
5,1.0,292,98769
6,1.0,292,98769
7,0.9897260273972602,292,98769
8,0.9417808219178082,292,98769
9,0.8253424657534246,292,98769
10,0.75,292,98769
11,0.6267123287671232,292,98769
12,0.6061643835616438,292,98769
13,0.6027397260273972,292,98769
14,0.6917808219178082,292,98769
15,0.8116438356164384,292,98769
16,0.9246575342465754,292,98769
17,0.9143835616438356,292,98769
18,0.958904109589041,292,98769
19,1.0,292,98769
20,1.0,292,98769
21,1.0,292,98769
22,1.0,292,98769
23,1.0,292,98769
0,1.0,292,98770
1,1.0,292,98770
2,1.0,292,98770
3,1.0,292,98770
4,1.0,292,98770
5,1.0,292,98770
6,1.0,292,98770
7,0.9931506849315068,292,98770
8,0.9417808219178082,292,98770
9,0.8287671232876712,292,98770
10,0.75,292,98770
11,0.6335616438356164,292,98770
12,0.6164383561643836,292,98770
13,0.6198630136986302,292,98770
14,0.6815068493150684,292,98770
15,0.8082191780821918,292,98770
16,0.9143835616438356,292,98770
17,0.910958904109589,292,98770
18,0.958904109589041,292,98770
19,1.0,292,98770
20,1.0,292,98770
21,1.0,292,98770
22,1.0,292,98770
23,1.0,292,98770
0,1.0,292,98771
1,1.0,292,98771
2,1.0,292,98771
3,1.0,292,98771
4,1.0,292,98771
5,1.0,292,98771
6,1.0,292,98771
7,0.9897260273972602,292,98771
8,0.9417808219178082,292,98771
9,0.839041095890411,292,98771
10,0.7465753424657534,292,98771
11,0.6267123287671232,292,98771
12,0.6095890410958904,292,98771
13,0.6061643835616438,292,98771
14,0.6815068493150684,292,98771
15,0.821917808219178,292,98771
16,0.934931506849315,292,98771
17,0.9143835616438356,292,98771
18,0.9691780821917808,292,98771
19,1.0,292,98771
20,1.0,292,98771
21,1.0,292,98771
22,1.0,292,98771
23,1.0,292,98771
0,1.0,292,98772
1,1.0,292,98772
2,1.0,292,98772
3,1.0,292,98772
4,1.0,292,98772
5,1.0,292,98772
6,1.0,292,98772
7,0.9931506849315068,292,98772
8,0.9452054794520548,292,98772
9,0.8321917808219178,292,98772
10,0.7465753424657534,292,98772
11,0.6335616438356164,292,98772
12,0.6095890410958904,292,98772
13,0.613013698630137,292,98772
14,0.678082191780822,292,98772
15,0.815068493150685,292,98772
16,0.9315068493150684,292,98772
17,0.910958904109589,292,98772
18,0.958904109589041,292,98772
19,1.0,292,98772
20,1.0,292,98772
21,1.0,292,98772
22,1.0,292,98772
23,1.0,292,98772
0,1.0,292,98773
1,1.0,292,98773
2,1.0,292,98773
3,1.0,292,98773
4,1.0,292,98773
5,1.0,292,98773
6,1.0,292,98773
7,0.9897260273972602,292,98773
8,0.9417808219178082,292,98773
9,0.8356164383561644,292,98773
10,0.75,292,98773
11,0.6267123287671232,292,98773
12,0.613013698630137,292,98773
13,0.6095890410958904,292,98773
14,0.678082191780822,292,98773
15,0.8116438356164384,292,98773
16,0.9246575342465754,292,98773
17,0.9075342465753424,292,98773
18,0.9691780821917808,292,98773
19,1.0,292,98773
20,1.0,292,98773
21,1.0,292,98773
22,1.0,292,98773
23,1.0,292,98773
0,1.0,292,98774
1,1.0,292,98774
2,1.0,292,98774
3,1.0,292,98774
4,1.0,292,98774
5,1.0,292,98774
6,1.0,292,98774
7,0.9931506849315068,292,98774
8,0.9417808219178082,292,98774
9,0.8287671232876712,292,98774
10,0.7328767123287672,292,98774
11,0.6267123287671232,292,98774
12,0.6095890410958904,292,98774
13,0.6095890410958904,292,98774
14,0.684931506849315,292,98774
15,0.821917808219178,292,98774
16,0.9178082191780822,292,98774
17,0.910958904109589,292,98774
18,0.9554794520547946,292,98774
19,1.0,292,98774
20,1.0,292,98774
21,1.0,292,98774
22,1.0,292,98774
23,1.0,292,98774
