method,seed,alpha,empty_oob_rows,coverage,mean_width,interval_score,mae,n_test
EnbPI,98765,0.05,0,0.9511986301369864,374.30124458197537,469.41144473918735,38.87400718748178,7008
Frozen residual diagnostic,98765,0.05,0,0.8771404109589042,190.53689537549135,616.1125503998192,38.87400718748178,7008
EnbPI,98765,0.1,0,0.9026826484018264,256.9837371507592,390.8932128653243,38.62723471864098,7008
Frozen residual diagnostic,98765,0.1,0,0.7923801369863014,114.58334803942606,453.3424975234372,38.62723471864098,7008
EnbPI,98765,0.15000000000000002,0,0.85074200913242,169.3256763123615,329.5281736778574,38.50514594102379,7008
Frozen residual diagnostic,98765,0.15000000000000002,0,0.7351598173515982,86.64639742399791,357.8984580156982,38.50514594102379,7008
EnbPI,98765,0.2,0,0.7983732876712328,124.97135868848073,283.46923421670516,38.42272703309199,7008
Frozen residual diagnostic,98765,0.2,0,0.694777397260274,65.56359828359915,299.55075256619256,38.42272703309199,7008
EnbPI,98765,0.25,0,0.7508561643835616,95.50261607250243,248.7468760544246,38.374935318811076,7008
Frozen residual diagnostic,98765,0.25,0,0.6522545662100456,47.83603424572603,258.5243280980201,38.374935318811076,7008
EnbPI,98766,0.05,0,0.9501997716894978,365.05837738602986,459.7990908475091,38.73694137191071,7008
Frozen residual diagnostic,98766,0.05,0,0.8721461187214612,186.1371320140544,605.7492231902287,38.73694137191071,7008
EnbPI,98766,0.1,0,0.9016837899543378,253.55827851900833,382.562664174133,38.57025722939895,7008
Frozen residual diagnostic,98766,0.1,0,0.7928082191780822,117.63840082168825,443.5061979716781,38.57025722939895,7008
EnbPI,98766,0.15000000000000002,0,0.8515981735159818,171.18149289175182,324.26372508585195,38.47950509041909,7008
Frozen residual diagnostic,98766,0.15000000000000002,0,0.7337328767123288,87.80607713910285,353.6859252487892,38.47950509041909,7008
EnbPI,98766,0.2,0,0.8009417808219178,128.44328905012705,280.20922445247004,38.42293644131138,7008
Frozen residual diagnostic,98766,0.2,0,0.6932077625570776,67.68517548877412,296.4461478885729,38.42293644131138,7008
EnbPI,98766,0.25,0,0.752568493150685,97.96830983337314,246.40533217793086,38.375112254417786,7008
Frozen residual diagnostic,98766,0.25,0,0.6548230593607306,51.129142878512496,255.94441192681336,38.375112254417786,7008
EnbPI,98767,0.05,0,0.9509132420091324,373.491009371026,470.1498954076256,38.809600532950896,7008
Frozen residual diagnostic,98767,0.05,0,0.870291095890411,184.27765786240798,625.6373415792207,38.809600532950896,7008
EnbPI,98767,0.1,0,0.9016837899543378,256.3157696598947,390.2026050296615,38.62194679205263,7008
Frozen residual diagnostic,98767,0.1,0,0.7938070776255708,117.763822494308,450.39678280784534,38.62194679205263,7008
EnbPI,98767,0.15000000000000002,0,0.851027397260274,170.80833962528519,329.32525807520807,38.50841745188272,7008
Frozen residual diagnostic,98767,0.15000000000000002,0,0.7345890410958904,87.24362469845595,358.42335549029485,38.50841745188272,7008
EnbPI,98767,0.2,0,0.7988013698630136,127.38553331926917,283.8147640372376,38.431567169374055,7008
Frozen residual diagnostic,98767,0.2,0,0.6974885844748858,67.77246670252354,299.3742125665893,38.431567169374055,7008
EnbPI,98767,0.25,0,0.7504280821917808,96.3811095527577,249.15778669660986,38.3827313680578,7008
Frozen residual diagnostic,98767,0.25,0,0.6576769406392694,50.06682505946038,258.4724593061279,38.3827313680578,7008
EnbPI,98768,0.05,0,0.951769406392694,378.24026896206215,474.8004724499356,38.899942892769346,7008
Frozen residual diagnostic,98768,0.05,0,0.8722888127853882,180.99902237761893,637.7510941702445,38.899942892769346,7008
EnbPI,98768,0.1,0,0.9033961187214612,257.91975310894986,394.01553166836,38.6295213151554,7008
Frozen residual diagnostic,98768,0.1,0,0.7950913242009132,116.32257218416677,453.5089460950772,38.6295213151554,7008
EnbPI,98768,0.15000000000000002,0,0.8503139269406392,169.02492314297035,331.3373722308704,38.486919522537825,7008
Frozen residual diagnostic,98768,0.15000000000000002,0,0.7343036529680366,85.22393719705634,360.1396680365428,38.486919522537825,7008
EnbPI,98768,0.2,0,0.7990867579908676,124.04363919774259,284.66685371807637,38.379443259229234,7008
Frozen residual diagnostic,98768,0.2,0,0.6964897260273972,65.4238526388851,300.17923862923817,38.379443259229234,7008
EnbPI,98768,0.25,0,0.7505707762557078,94.64422561018804,249.3627064401448,38.302058470395906,7008
Frozen residual diagnostic,98768,0.25,0,0.656392694063927,47.760251360443924,258.6361444120478,38.302058470395906,7008
EnbPI,98769,0.05,0,0.9514840182648402,380.4889736689987,477.7991005017944,38.97488523976089,7008
Frozen residual diagnostic,98769,0.05,0,0.8692922374429224,179.1339692615779,646.8693583538071,38.97488523976089,7008
EnbPI,98769,0.1,0,0.9018264840182648,260.0469479574883,396.5360319285647,38.746420823880804,7008
Frozen residual diagnostic,98769,0.1,0,0.7945205479452054,114.69693334840737,457.98307970646994,38.746420823880804,7008
EnbPI,98769,0.15000000000000002,0,0.8525970319634704,169.90215518747212,333.3999226828581,38.601223690145936,7008
Frozen residual diagnostic,98769,0.15000000000000002,0,0.7323059360730594,85.28131569789475,361.65385068211236,38.601223690145936,7008
EnbPI,98769,0.2,0,0.8007990867579908,123.99458379911809,286.1995807096077,38.512072306700865,7008
Frozen residual diagnostic,98769,0.2,0,0.6979166666666666,66.29257312941992,301.0030012069424,38.512072306700865,7008
EnbPI,98769,0.25,0,0.7515696347031964,93.78862273174454,250.53584632999127,38.45335018493212,7008
Frozen residual diagnostic,98769,0.25,0,0.6628139269406392,52.33094216068732,258.2412934106495,38.45335018493212,7008
EnbPI,98770,0.05,0,0.9501997716894978,363.3732345782714,458.6641814395343,38.50406976936105,7008
Frozen residual diagnostic,98770,0.05,0,0.8720034246575342,181.77573783686304,607.7020338444985,38.50406976936105,7008
EnbPI,98770,0.1,0,0.9023972602739726,251.2125664960827,381.54590994856636,38.30095890194752,7008
Frozen residual diagnostic,98770,0.1,0,0.798230593607306,120.00027541908008,437.0460478320814,38.30095890194752,7008
EnbPI,98770,0.15000000000000002,0,0.8525970319634704,168.98950805521045,323.1293662732583,38.194894595855864,7008
Frozen residual diagnostic,98770,0.15000000000000002,0,0.7344463470319634,87.18874407154684,351.3228300640174,38.194894595855864,7008
EnbPI,98770,0.2,0,0.7995148401826484,125.98842552870315,278.87056001376436,38.12803162010536,7008
Frozen residual diagnostic,98770,0.2,0,0.6963470319634704,67.7940379027688,294.17688156355,38.12803162010536,7008
EnbPI,98770,0.25,0,0.7521404109589042,96.72791266925518,245.36436240736015,38.0900093680646,7008
Frozen residual diagnostic,98770,0.25,0,0.6591038812785388,51.81821881222796,253.9295978813226,38.0900093680646,7008
EnbPI,98771,0.05,0,0.9516267123287672,379.76705344843293,477.84391036848183,38.69008316458403,7008
Frozen residual diagnostic,98771,0.05,0,0.8672945205479452,176.80894966648432,651.0417978647638,38.69008316458403,7008
EnbPI,98771,0.1,0,0.9033961187214612,259.0489398993365,396.03715914534246,38.51069167334045,7008
Frozen residual diagnostic,98771,0.1,0,0.7998002283105022,118.9096558348793,453.4972145306951,38.51069167334045,7008
EnbPI,98771,0.15000000000000002,0,0.851170091324201,170.3616574796218,333.18708748793955,38.42536542728416,7008
Frozen residual diagnostic,98771,0.15000000000000002,0,0.7373002283105022,89.42700149285699,359.31400958305375,38.42536542728416,7008
EnbPI,98771,0.2,0,0.7993721461187214,124.94607266485998,286.2945155944713,38.376512443934196,7008
Frozen residual diagnostic,98771,0.2,0,0.697345890410959,67.12479789520987,301.5147428473658,38.376512443934196,7008
EnbPI,98771,0.25,0,0.7515696347031964,95.14493612293789,250.9030832186687,38.34051523757242,7008
Frozen residual diagnostic,98771,0.25,0,0.6569634703196348,49.07626730675898,260.05028778742894,38.34051523757242,7008
EnbPI,98772,0.05,0,0.951769406392694,370.548017073549,466.2358363414775,39.047533190906684,7008
Frozen residual diagnostic,98772,0.05,0,0.867722602739726,178.88686190406426,625.1304943930586,39.047533190906684,7008
EnbPI,98772,0.1,0,0.9028253424657534,255.10840475024537,387.7577790745996,38.8690049205446,7008
Frozen residual diagnostic,98772,0.1,0,0.7988013698630136,120.47734677032356,441.9080015386922,38.8690049205446,7008
EnbPI,98772,0.15000000000000002,0,0.853453196347032,168.3862215903389,327.20467761179674,38.75769221075902,7008
Frozen residual diagnostic,98772,0.15000000000000002,0,0.7424372146118722,89.71805948087263,352.71256665587697,38.75769221075902,7008
EnbPI,98772,0.2,0,0.7998002283105022,124.31356227745543,281.84284977634906,38.675662104549836,7008
Frozen residual diagnostic,98772,0.2,0,0.6934931506849316,66.63615782195468,297.03553524144934,38.675662104549836,7008
EnbPI,98772,0.25,0,0.7528538812785388,95.45550768266934,247.39273282698662,38.615261688309666,7008
Frozen residual diagnostic,98772,0.25,0,0.6599600456621004,52.235522397992504,255.5112777444959,38.615261688309666,7008
EnbPI,98773,0.05,0,0.9510559360730594,379.0787262323319,476.4313386587995,38.79131898253881,7008
Frozen residual diagnostic,98773,0.05,0,0.8717180365296804,181.28877740672127,640.2011104876505,38.79131898253881,7008
EnbPI,98773,0.1,0,0.9023972602739726,258.4484094174407,394.6019829313635,38.562143797303285,7008
Frozen residual diagnostic,98773,0.1,0,0.800656392694064,119.70976884911285,450.8909821795729,38.562143797303285,7008
EnbPI,98773,0.15000000000000002,0,0.8517408675799086,170.10465735347745,332.12112435560334,38.44205883680897,7008
Frozen residual diagnostic,98773,0.15000000000000002,0,0.7392979452054794,89.06540194272297,358.287511674569,38.44205883680897,7008
EnbPI,98773,0.2,0,0.8002283105022832,124.71542194649662,285.4497627124581,38.35944253539395,7008
Frozen residual diagnostic,98773,0.2,0,0.7016267123287672,69.27237914858087,299.27053358381255,38.35944253539395,7008
EnbPI,98773,0.25,0,0.7515696347031964,95.1265795737105,250.0974773537797,38.29887098468453,7008
Frozen residual diagnostic,98773,0.25,0,0.658533105022831,49.417257378635924,258.93901327659387,38.29887098468453,7008
EnbPI,98774,0.05,0,0.9509132420091324,374.64466178068824,470.88802194596946,39.071193859406726,7008
Frozen residual diagnostic,98774,0.05,0,0.8728595890410958,185.03770273045504,627.6677255435255,39.071193859406726,7008
EnbPI,98774,0.1,0,0.901398401826484,257.71635783364513,391.91212796095454,38.85865741617977,7008
Frozen residual diagnostic,98774,0.1,0,0.788527397260274,113.32681204982833,456.1744834994606,38.85865741617977,7008
EnbPI,98774,0.15000000000000002,0,0.8501712328767124,170.66420975242448,330.63955664334856,38.73791224558785,7008
Frozen residual diagnostic,98774,0.15000000000000002,0,0.7371575342465754,87.14453235276723,358.72182993042645,38.73791224558785,7008
EnbPI,98774,0.2,0,0.7989440639269406,124.88534123675973,284.3274908326445,38.65239891621146,7008
Frozen residual diagnostic,98774,0.2,0,0.694634703196347,65.62443622287458,300.3690917937079,38.65239891621146,7008
EnbPI,98774,0.25,0,0.7508561643835616,95.55887752757882,249.28772453355492,38.593294310797795,7008
Frozen residual diagnostic,98774,0.25,0,0.6591038812785388,49.94684732733613,258.3103902953331,38.593294310797795,7008
