method,alpha,coverage_mean,coverage_std,width_mean,width_std,interval_score_mean,mae_mean,trials,target_coverage
EnbPI,0.05,0.9511130136986301,0.0005794308345829783,373.8991567083366,6.005550072563065,470.20232927003144,38.839957619167095,10,0.95
EnbPI,0.1,0.9023687214611872,0.0007144209800425776,256.63591647928513,2.6874168550738773,390.606500472687,38.629683758844436,10,0.9
EnbPI,0.15000000000000002,0.8515410958904109,0.0010724756068391547,169.87488413909142,0.9138537539279011,329.4136264124592,38.513913501230526,10,0.85
EnbPI,0.2,0.7995861872146118,0.0008541802224157297,125.36872277090126,1.477948020390889,283.5144836063784,38.43607938299023,10,0.8
EnbPI,0.25,0.751498287671233,0.0008327217180370932,95.62986973767175,1.1614236292245579,248.72539280394517,38.38261391860437,10,0.75
Frozen residual diagnostic,0.05,0.8712756849315069,0.0028439149290168412,182.48827064357386,4.0611516814185,628.3862729826817,38.839957619167095,10,0.95
Frozen residual diagnostic,0.1,0.7954623287671232,0.0038443333322700068,117.34289358112206,2.5164787340448065,449.825423368501,38.629683758844436,10,0.9
Frozen residual diagnostic,0.15000000000000002,0.7360730593607305,0.0030196647355238047,87.47450914972744,1.5737928815665414,357.2160005381381,38.513913501230526,10,0.85
Frozen residual diagnostic,0.2,0.6963327625570777,0.0024956281172841374,66.91894752345907,1.2419855485601132,298.8920137887421,38.43607938299023,10,0.8
Frozen residual diagnostic,0.25,0.6577625570776255,0.002906665589721101,50.161730892778166,1.6881794869492588,257.65592041388334,38.38261391860437,10,0.75
